{
  "a0": 0.10048435877027906,
  "beta": 0.16002491330341273,
  "gamma": 0.30894054164699475,
  "rho": -0.04,
  "fit_through": "2026-06-13",
  "n_train": 26092
}