{
  "n": 26,
  "calibration": {
    "n": 26,
    "base_rate": 0.4615,
    "brier_model": 0.2128,
    "brier_market": 0.1502,
    "skill_vs_market": -0.417,
    "ece": 0.1875,
    "favorites": {
      "n": 15,
      "mean_pred": 0.7842,
      "mean_actual": 0.6
    },
    "underdogs": {
      "n": 11,
      "mean_pred": 0.3265,
      "mean_actual": 0.2727
    },
    "bins": [
      {
        "lo": 0.2,
        "hi": 0.4,
        "n": 8,
        "pred": 0.274075,
        "obs": 0.125
      },
      {
        "lo": 0.4,
        "hi": 0.6000000000000001,
        "n": 5,
        "pred": 0.5098,
        "obs": 0.4
      },
      {
        "lo": 0.6,
        "hi": 0.8,
        "n": 7,
        "pred": 0.7484285714285714,
        "obs": 0.8571428571428571
      },
      {
        "lo": 0.8,
        "hi": 1.0,
        "n": 6,
        "pred": 0.8956000000000001,
        "obs": 0.5
      }
    ]
  },
  "house_hold": {
    "0.000": {
      "crowd": -0.6361,
      "sharp": -0.996
    },
    "0.045": {
      "crowd": -0.5657,
      "sharp": -0.91
    },
    "0.070": {
      "crowd": -0.5291,
      "sharp": -0.8654
    }
  }
}