{
  "a": 0.9502892069533508,
  "b": -0.014853161154355284,
  "n_samples": 6222,
  "pre_bias_pp": 0.5275,
  "post_bias_pp": 0.0,
  "model_version": "v10",
  "fitted_at": "2026-06-12"
}